- name: Céline Acary-Robert
  url: https://membres-ljk.imag.fr/Celine.Acary-Robert/
  lab: LJK / GRICAD
  city: Grenoble
  coord: true
  image: https://team.inria.fr/airsea/files/2021/09/Celine_2021-150x150.png
- name: Sarah Cohen-Boulakia
  url: https://sarah.cohen-boulakia.eu/
  lab: Laboratoire Interdisciplinaire des Sciences du Numérique
  city: Orsay
  steering: true
  image: https://www.lisn.upsaclay.fr/app/uploads/2024/02/CohenBoulakia_Sarah-20240220-2147-200x188.jpg
- name: Raphaëlle Krummeich
  url: https://umr-idees.fr/laboratoire/annuaire/sebastien-rey-coyrehourcq
  lab: Laboratoire IDEES UMR6266
  city: Rouen
  steering: true
  image: https://umr-idees.fr/media/users/b9d23a51/2362194cf6-1719093791/profile.jpg
- name: Benoit Combemale
  url: https://people.irisa.fr/Benoit.Combemale/
  lab: Institut de Recherche en Informatique et Systèmes Aléatoires
  city: Rennes
- name: Ludovic Courtès
  url: https://people.bordeaux.inria.fr/lcourtes/
  lab: Inria Bordeaux Sud-Ouest
  city: Bordeaux
- name: Marie-Josee Cros
  url: https://sites.google.com/site/mariejoseecros
  lab: Unité de Mathématiques et Informatique Appliquées
  city: Toulouse
- name: Andrew P. Davison
  url: https://neuropsi.cnrs.fr/annuaire/andrew-davison/
  lab: Institut des Neurosciences Paris-Saclay (NeuroPSI)
  city: Saclay
- name: Gloria Gonzalez Curto
  url: http://gloriagcurto.info/
  lab: Chargée de projet
  image: https://www.recherche-reproductible.fr/assets/images/GGC.jpg
  city: Paris
  coord: true
- name: Konrad Hinsen
  url: http://dirac.cnrs-orleans.fr/~hinsen
  lab: Centre de Biophysique Moléculaire
  city: Orléans
- name: Sacha Hodencq
  url: https://pad.lescommuns.org/SachaHodencq
  lab: Grenoble Electrical Engineering Laboratory (G2Elab)
  city: Grenoble
- name: Hans Rocha Ijzerman
  url: https://www.lippc2s.fr/archives/person/ijzerman-hans/
  lab: Laboratoire Inter-universitaire de Psychologie
  city: Grenoble
- name: Johann Dreo
  url: http://johann.dreo.fr
  lab: Computational Systems Biomedicine
  city: Paris
- name: Arnaud Legrand
  url: https://polaris.imag.fr/arnaud.legrand/
  city: Grenoble
  lab: LIG
  steering: true
  image: https://team.inria.fr/polaris/files/2016/01/arnaud9_small-150x150.jpg
- name: Frédéric Lemoine
  url: https://research.pasteur.fr/en/member/frederic-lemoine/
  lab: Institut Pasteur
  city: Paris
  coord: true
  image: https://research.pasteur.fr/wp-content/uploads/2015/11/research_pasteur-frederic-lemoine-lemoine-frederic-26-small-crop-150x150.jpg
- name: Violaine Louvet
  url: https://louvet.perso.math.cnrs.fr/
  lab: LJK - Laboratoire Jean Kuntzmann
  city: Grenoble
- name: Franck Pérignon
  url: https://www-ljk.imag.fr/spip.php?article68&idpersonne=5122
  lab: LJK - Laboratoire Jean Kuntzmann
  city: Grenoble
- name: Dominique Muller
  url: https://www.dominique.muller.lippc2s.fr/
  lab: Laboratoire Interuniversitaire de Psychologie
  city: Grenoble
  steering: true
  image: https://www.dominique.muller.lippc2s.fr/files/stacks-image-a11b4ca-431.jpg
- name: Christophe Pouzat
  url: http://xtof.perso.math.cnrs.fr/
  lab: Institut de Recherche Mathématique Avancée
  city: Strasbourg
- name: Sébastien Rey-Coyrehourcq
  url: https://umr-idees.fr/laboratoire/annuaire/sebastien-rey-coyrehourcq
  lab: Laboratoire IDEES UMR6266
  city: Rouen
  steering: true
  image: https://covprehension.org/img/about/sebrey.jpg
- name: François Ric
  url: https://labpsy.u-bordeaux.fr/Membres/Membres-titulaires-et-associes/Ric-Francois
  lab: Laboratoire de Psychologie  UR 4139
  city: Bordeaux
  steering: true
  image: https://labpsy.u-bordeaux.fr/application/files/cache/thumbnails/f93b29e8853140f7441fafbdc610ba94.png
- name: Nicolas P. Rougier
  url: https://www.labri.fr/perso/nrougier/
  lab: Institute of Neurodegenerative Diseases
  city: Bordeaux
  steering: true
  image: https://www.recherche-reproductible.fr/assets/images/nicolas.rougier.png
- name: Simon Tournier
  url: https://simon.tournier.info
  lab: Institut de Recherche Saint Louis, Inserm US53, CNRS 2030
  city: Paris
- name: Pierre-Antoine Bouttier
  url: null
  city: Grenoble
  lab: UAR GRICAD
- name: Camille Maumet
  url: http://camillemaumet.com/
  city: Rennes
  lab: IRISA / Inria Rennes
- name: Isabelle Boutron
  url: null
  city: Paris
  lab: Centre de Recherche en Epidémiologie et Statistique (CRESS)
- name: Elise Maigné
  url: https://miat.inrae.fr/site/Elise_Maigné
  city: Toulouse
  lab: MIAT - INRAé
- name: Gaëlle Leroux
  url: https://cv.hal.science/gaelle-leroux
  city: Lyon
  lab: Centre de Recherche en Neurosciences de Lyon (CRNL)
- name: Thomas Moreau
  url: https://tommoral.github.io
  city: Saclay
  lab: MIND
- name: Fay Betsou
  url: https://research.pasteur.fr/en/member/fay-betsou/
  city: Paris
  lab: CRBIP
- name: Etienne Kornobis
  url: https://research.pasteur.fr/en/member/etienne-kornobis/
  city: Paris
  lab: Biomics
- name: Miguel Colom
  url: https://mcolom.perso.math.cnrs.fr/
  city: Gif-Sur-Yvette
  lab: Centre Borelli
- name: Florian Naudet
  url: https://www.reither.org/
  city: Rennes
  lab: IRSET
- name: Frédéric Santos
  url: null
  city: Bordeaux
  lab: UMR 5199 PACEA
- name: Claude Gronfier
  url: https://www.crnl.fr/fr/user/165
  city: Bron
  lab: Centre de recherche en neurosciences de Lyon (CRNL)
- name: Nicolas Roelandt
  url: null
  city: Bron
  lab: Département Aménagement Mobilités Environnement
- name: Henri Massias
  url: https://www.xlim.fr/personnel/massias-henri
  city: Limoges
  lab: XLIM
- name: Mathurin Massias
  url: https://mathurinm.github.io/
  city: Lyon
  lab: LIP
- name: Julien Chiquet
  url: https://jchiquet.github.io/
  city: Palaiseau
  lab: UMR MIA Paris-Saclay
- name: Yves Rozenholc
  url: null
  city: Paris
  lab: UR 7537 BioSTM 7537 BioSTM
- name: Sergiu Ivanov
  url: https://www.ibisc.univ-evry.fr/~sivanov/
  city: Évry
  lab: IBISC
- name: Tru Huynh
  url: null
  city: Paris
  lab: unité de bioinformatique structurale (Nilges)
- name: Christophe Hurlin
  url: https://sites.google.com/view/christophe-hurlin/home?authuser=0
  city: Orléans
  lab: LEO
- name: Nicolas Ferey
  url: null
  city: Orsay
  lab: Laboratoire Interdisciplinaire des Sciences du Numérique
- name: Pascal Irz
  url: https://github.com/PascalIrz
  city: Rennes
  lab: null
- name: Aubin Thomas
  url: null
  city: Montpellier
  lab: Institut de Génétique Humaine
- name: Yvan Peter
  url: https://pro.univ-lille.fr/yvan-peter/
  city: null
  lab: CRIStAL
- name: Ghislain Durif
  url: https://gdurif.perso.math.cnrs.fr/
  city: Lyon
  lab: Laboratoire de Biologie et Modélisation de la Cellule
- name: Joan Hérisson
  url: null
  city: Évry
  lab: Génomique Métabolique
- name: David Hill
  url: https://perso.isima.fr/~dahill/
  city: Clermont-Ferrand
  lab: LIMOS UMR CNRS 6158
- name: Pierre Neuvial
  url: https://www.math.univ-toulouse.fr/~pneuvial/
  city: Toulouse
  lab: Institut de Mathématiques de Toulouse
- name: Loïc Paulevé
  url: https://loicpauleve.name
  city: Bordeaux
  lab: LaBRI
- name: Olivier Richard
  url: https://team.inria.fr/datamove/team-members/olivier-richard/
  city: Grenoble
  lab: LIG
- name: Sylvain Soliman
  url: http://lifeware.inria.fr/~soliman/
  city: Palaiseau
  lab: Équipe LIFEWARE, Centre Inria Saclay
- name: Pierre-François Roux
  url: http://pierre-francois-roux.com
  city: Montpellier
  lab: Ontogenèse moléculaire
- name: Laurent Oudre
  url: http://www.laurentoudre.fr/index.html
  city: Gif-Sur-Yvette
  lab: Centre Borelli
- name: Nathalie Lehmann
  url: https://www.linkedin.com/in/nathalie-lehmann-90a7b693/
  city: Rungis
  lab: null
- name: Nelle Varoquaux
  url: nellev.github.io/
  city: Grenoble
  lab: TIMC
- name: Emmanuelle Becker
  url: https://www-dyliss.irisa.fr/team-members/emmanuelle-becker/
  city: Rennes
  lab: IRISA
- name: Amira Barhoumi
  url: null
  city: Grenoble
  lab: Laboratoire d'Informatique de Grenoble
- name: Sorina Pop
  url: https://www.creatis.insa-lyon.fr/site7/en/users/camarasu
  city: Villeurbanne
  lab: CREATIS
- name: Roselyne Vallo
  url: null
  city: Montpellier
  lab: Unité INSERM1058
- name: Alice Brenon
  url: https://perso.liris.cnrs.fr/abrenon/
  city: Lyon
  lab: LIRIS
- name: Kim-An Nguyen
  url: https://orcid.org/0000-0001-7594-504X
  city: Lyon
  lab: null
- name: Franck Torre
  url: null
  city: Marseille
  lab: IMBE
- name: Olivier Pantalé
  url: https://www.lgp.enit.fr/fr/page-presentation/p/a/n/uduser-opantale-fr.html
  city: Tarbes
  lab: Laboratoire Génie de Production
- name: Teresa Gomez-Diaz
  url: http://igm.univ-mlv.fr/~teresa/
  city: null
  lab: LIGM
- name: Arthur Batel
  url: https://liris.cnrs.fr/page-membre/arthur-batel
  city: Lyon
  lab: LIRIS
- name: Marion Aguirrebengoa
  url: null
  city: Toulouse
  lab: CBI
- name: Sébastien Li-Thiao-Té
  url: https://slithiaote.github.io/
  city: Villetaneuse
  lab: LAGA
- name: Maha Said
  url: https://nanobubbles.hypotheses.org/team-members
  city: Bobigny
  lab: LVTS
- name: Nathanne Rost
  url: null
  city: Chelles
  lab: LVTS
- name: François-Xavier Lyonnet-Du-Moutier
  url: null
  city: Paris
  lab: CiTCoM
- name: Sabrina Granger
  url: null
  city: Lyon
  lab: Software Heritage
- name: François-David Collin
  url: null
  city: Montpellier
  lab: IMAG/UMR5149
- name: Facundo Muñoz
  url: https://www.uv.es/famarmu/
  city: Montpellier
  lab: UMR ASTRE
- name: Josselin Noirel
  url: null
  city: Paris
  lab: GBCM
- name: Nicolas Vayatis
  url: https://nvayatis.perso.math.cnrs.fr/
  city: Gif-Sur-Yvette
  lab: Centre Borelli
- name: David Trémouilles
  url: null
  city: Toulouse
  lab: LAAS
- name: Valérie Orozco
  url: https://www.tse-fr.eu/fr/people/valerie-orozco
  lab: Toulouse School of Economics (TSE-R)
  city: Toulouse
- name: Benoist Laurent
  url: null
  city: Paris
  lab: Laboratoire de Biochimie Théorique
- name: Silvia Bottini
  url: null
  city: Nice
  lab: MDLab
- name: Myriam Carrere
  url: https://orcid.org/0000-0001-6026-8656
  city: Montpellier
  lab: UMR MoISA
- name: Paul-Antoine Bisgambiglia
  url: https://pa-bisgambiglia.universita.corsica/
  city: Corte
  lab: UMR SPE
- name: Clément Foucher
  url: https://homepages.laas.fr/cfoucher/
  city: Toulouse
  lab: LAAS
- name: Fabien Chauveau
  url: https://www.rd-alliance.org/user/32154
  city: Lyon
  lab: Centre de Recherche en Neurosciences de Lyon
- name: Thomas Vuillaume
  url: https://vuillaut.github.io/
  city: Annecy
  lab: LAPP
- name: Alexandre Dehne-Garcia
  url: null
  city: Montpellier
  lab: DipSO-ISDM Université de Montpellier
- name: Roberto Toro
  url: https://research.pasteur.fr/en/member/roberto-toro/
  city: Paris
  lab: Neuroanatomie appliquée et théorique
- name: Khalid Belkhir
  url: null
  city: Montpellier
  lab: ISEM
- name: Lydia Yahia-Cherif
  url: null
  city: Paris
  lab: ICM
- name: Laurent Jourdren
  url: null
  city: Paris
  lab: IBENS (ENS - CNRS UMR8197 - Inserm U1024)
- name: Carine Lucas
  url: https://www.idpoisson.fr/lucas/
  city: Orléans
  lab: Institut Denis Poisson
- name: Aurélien Allard
  url: https://scholar.google.com/citations?user=zfabxjkAAAAJ
  city: Paris
  lab: Sciences, Normes, Démocratie (SND)
- name: Fabrice Leclerc
  url: null
  city: Gif-Sur-Yvette
  lab: I2BC
- name: Pierre Poulain
  url: https://cupnet.net/
  city: Paris
  lab: Institut Jacques Monod
- name: Christophe Heligon
  url: https://igdr.univ-rennes.fr/christophe-heligon
  city: Rennes
  lab: Institut de Génétique et Développement de Rennes (IGDR)
- name: Aurélien Cottin
  url: null
  city: Dijon
  lab: UMR Agroécologie - pôle Biome - équipe BioCom
- name: Yoann Lafon
  url: null
  city: Bron
  lab: Laboratoire de Biomécanique et Mécanique des Chocs, LBMC, UMR_T 9406
- name: Thomas Denecker
  url: http://thomas.denecker.free.fr/
  city: Paris
  lab: CNRS
- name: Magali Hennion
  url: null
  city: Paris
  lab: Epigénétique et Destin Cellulaire
- name: Aurelie Siberchicot
  url: https://lbbe.univ-lyon1.fr/fr/annuaires-des-membres/siberchicot-aurelie
  city: Villeurbanne
  lab: Laboratoire de Biométrie et Biologie Evolutive
- name: Boris Hejblum
  url: https://borishejblum.science
  city: Bordeaux
  lab: Bordeaux Population Health U1219
- name: Timothée Giraud
  url: https://rgeomatic.hypotheses.org/
  city: Paris
  lab: UAR 2414 RIATE
- name: Martin Amouzou
  url: https://linkedin.com/in/martin-k-amouzou
  city: Rennes
  lab: null
- name: Stephane Dray
  url: https://github.com/sdray
  city: Villeurbanne
  lab: Laboratoire de Biométrie et Biologie Evolutive
- name: Vincent Lefort
  url: https://orcid.org/0000-0003-2864-4783
  city: Montpellier
  lab: LIRMM
- name: Raphaël Lévy
  url: https://nanobubbles.hypotheses.org/
  city: Bobigny
  lab: Laboratory for Vascular Translational Research (UMRS 1148)
- name: Alexandre Hocquet
  url: https://www.wikidata.org/wiki/Q25975812
  city: Paris
  lab: Archives Poincaré (UMR 7117)
- name: Philippe Hupé
  url: https://institut-curie.org/personne/philippe-hupe
  city: Paris
  lab: Bioinformatics Core Facility
- name: Nicolas Servant
  url: null
  city: Paris
  lab: Plate-forme de bioinformatique
- name: Jose-Armando Hernandez-Gonzalez
  url: https://centreborelli.ens-paris-saclay.fr/fr/annuaire-des-personnes/jose-armando-hernandez-gonzalez
  city: Gif-Sur-Yvette
  lab: Centre Borelli
- name: Emmanuel Medernach
  url: https://iphc.cnrs.fr/annuaire/fiche/?nom=Emmanuel-MEDERNACH
  city: Strasbourg
  lab: IPHC
- name: Guillaume Sescousse
  url: https://guillaumesescousse.wordpress.com/
  lab: Centre de Recherche en Neurosciences de Lyon (CRNL)
  city: Lyon
- name: Jérôme Pansanel
  url: https://iphc.cnrs.fr/annuaire/fiche/?nom=J%C3%A9r%C3%B4me-PANSANEL
  city: Strasbourg
  lab: IPHC
- name: Claire Vandiedonck
  url: null
  lab: Université Paris Cité
  city: Paris
- name: Benoît Seignovert
  url: https://orcid.org/0000-0001-6533-275X
  city: Nantes
  lab: Osuna INSU CNRS
- name: Yannick Biard
  url: https://partage-connaissances.cirad.fr/
  lab: CIRAD/DiscO
  city: Montpellier
- name: Nadia GOUÉ
  lab: AuBi Mésocentre Clermont-Auvergne Université Clermont Auvergne Université Clermont
    Auvergne
  city: Aubière
- name: Benjamin Antunes
  lab: LIMOS UMR 6158 UCA Clermont Auvergne INP Université Clermont Auvergne
  city: Aubière
- name: Anthony Bertrand
  lab: LIMOS UMR 6158 UCA Clermont Auvergne INP Université Clermont Auvergne
  city: Aubière
- name: Lauranne Sarribouette
  lab: ISTerre Université Grenoble Alpes Université Grenoble Alpes
  city: Grenoble
- name: Murielle Serlet
  lab: Centre Mersenne-Mathdoc CNRS CNRS
  city: Grenoble
- name: Romain Caneill
  lab: IGE Université Grenoble Alpes Université Grenoble Alpes
  city: Grenoble
- name: Laurie Tonon
  lab: Centre de Recherche en Cancérologie de Lyon
  city: Lyon
- name: Linda Angulo Lopez
  lab: Direction des Relations Internationales INRAE
  city: Lyon
- name: Karine Delvert
  lab: Université Claude Bernard Lyon 1 Service commun de la documentation Université
    Claude Bernard Lyon 1
  city: Lyon
- name: Aurélie Siberchicot
  lab: Laboratoire de Biométrie et Biologie Évolutive Université Lyon 1
  city: Lyon
- name: Mattéo Camier
  lab: Pôle de Calcul École Centrale de Lyon
  city: Lyon
- name: Alain Marois
  lab: Chargé de formation et accompagnement de la recherche ENS de Lyon
  city: Lyon
- name: Emmanuelle Morlock
  lab: UMR 5189 HiSoMA  EquipEx Biblissima CNRS
  city: Lyon
- name: Guy Genestoux
  lab: DISP - UR4570 INSA Lyon INSA Lyon
  city: Lyon
- name: Damien Gervasoni
  lab: Centre de Recherche en Neurosciences de Lyon CNRS
  city: Lyon
- name: Pol Dellaiera
  lab: Commission Europeenne Universite de Mons
  city: Bruxelles
- name: Emilie Esnault
  lab: Ploufragan-ANSES
  city: Ploufragan
- name: Marc Le Bert
  lab: INEM UMR7355 CNRS
  city: Orléans
- name: Sébastien Plutniak
  lab: UMR CITERES CNRS Université de Tours
  city: Tours
- name: Sébastien Guyader
  lab: ASTRO INRAE
  city: Guadeloupe
- name: Cécile Lecoeur
  lab: CIIL UMR 9017 CNRS
  city: Lille
- name: Konstantinos Geles
  lab: Université de Lille ONCOLille
  city: Lille
- name: Thomas Vannienwenhove
  lab: MESHS Université de Lille
  city: Lille
- name: Julie Lenoir
  lab: Service des Enquêtes Institut national d'études démographiques
  city: Aubervilliers
- name: Denis Brizard
  lab: LBMC Université Gustave Eiffel
  city: Champs-sur-Marne
- name: Audrey Onfroy
  lab: U955 Institut Mondor de Recherche Biomédical
  city: Créteil
- name: Christelle Hennequet-Antier
  lab: MaIAGE INRAE
  city: Jouy-en-Josas
- name: Florian Leblanc
  lab: CIRED UMR 8568 CNRS
  city: Nogent-sur-Marne
- name: Alexandre Hannud Abdo
  lab: UMR LISIS Université Gustave Eiffel CNRS
  city: Noisy-le-Grand
- name: Élodie Perrodeau
  lab: CRESS équipe METHODS AP-HP
  city: Paris
- name: Fanny Sebire
  lab: Centre de Ressources en Information Scientifique Institut Pasteur
  city: Paris
- name: Anne-Laure Thomas Derepas
  lab: Institut des Systèmes Complexes de Paris Ile de France (ISC-PIF) CNRS
  city: Paris
- name: Mathilde Bernier
  lab: Direction des Données Ouvertes de la Recherche DDOR-CNRS
  city: Paris
- name: Arianna Caporali
  lab: Direction générale de la Recherche et de l'innovation Ministère de l'Enseignement
    supérieur et de la Recherche
  city: Paris
- name: Étienne Kornobis
  lab: Biomics platform Institut Pasteur
  city: Paris
- name: Elias Bouacida
  lab: Laboratoire d'économie Dyonisien Université Paris 8
  city: Paris
- name: Dejan Skrelic
  lab: Saint-Gobain Recherche Paris - CNRS Insitut National du Patrimoine
  city: Paris
- name: David Valls-Gabaud
  lab: LERMA -  Observatoire de Paris CNRS
  city: Paris
- name: Cayetano Santos
  lab: CIEMAT In2p3 CNRS
  city: Paris
- name: Diego Antolinos Basso
  lab: Medialab Sciences Po
  city: Paris
- name: Marin Dacos
  lab: Cellule science ouverte Ministère de l'Enseignement supérieur et de la Recherche
  city: Paris
- name: Olivier Rouchon
  lab: DDOR CNRS
  city: Paris
- name: Claire Toffano-Nioche
  lab: Institut de Biologie Intégrative de la Cellule CNRS
  city: Saclay
- name: Raphaël Royauté
  lab: Université Paris-Saclay INRAE AgroParisTech
  city: Saclay
- name: Andrew Davison
  lab: Institut des Neurosciences Paris-Saclay CNRS
  city: Saclay
- name: Jaime Arias
  lab: Laboratoire d'Informatique de Paris Nord CNRS
  city: Villetaneuse
- name: Étienne André
  lab: Laboratoire d'Informatique de Paris Nord Université Sorbonne
  city: Villetaneuse
- name: Estelle Rascol
  lab: Chimie et Biologie des Membranes et Nano-objets UMR5248 UFR Sciences Pharmaceutiques
    Université de Bordeaux
  city: Bordeaux
- name: Solenne Roux
  lab: LabPsy Université de Bordeaux
  city: Bordeaux
- name: Stéphanie Rialle
  lab: ART-Dev CNRS
  city: Montpellier
- name: Jacques Dainat
  lab: MIVEGEC Institut de recherche pour le développement
  city: Montpellier
- name: Antoine Claessens
  lab: LPHI Université de Montpellier
  city: Montpellier
- name: Virginie Rossard
  lab: LBE INRAE 
  city: Narbonne
- name: Élise Maigne
  lab: MIAT INRAE
  city: Toulouse
- name: Olivier de Mouzon
  lab: UMR TSE-R Toulouse School of Economics INRAE
  city: Toulouse
- name: Christophe Bontemps
  lab: UMR TSE-R Toulouse School of Economics INRAE
  city: Toulouse
- name: Eric Casellas
  lab: MIAT INRAE
  city: Toulouse
- name: Mathis Brier
  lab: INSERM UMR 1229 Regenerative Medicine and Skeleton Université de Nantes Université
    de Nantes
  city: Nantes
- name: Quentin Petitjean
  lab: UR0406 - Abeilles et Environnement INRAE
  city: Avignon
- name: Francine Filoche
  lab: Département ingénierie documentaire - SCD Université Aix Marseille Université
    Aix Marseille
  city: Marseille
- name: Etienne Roesch
  lab: University of Reading University of Reading
  city: Reading
- name: Lucile Rey
  lab: Karolinska Institute
  city: Stockholm
