- name: Céline Acary-Robert
  email: celine.acary-robert@univ-grenoble-alpes.fr
  url: https://team.inria.fr/airsea/en/celine-acary-robert/
  employer: Université Grenoble Alpes
  laboratory: Laboratoire Jean Kuntzmann
  sex: female
  city: Grenoble
  country: France
  domain: comp. science
  
- name: Ludovic Courtès
  email: ludovic.courtes@inria.fr
  url: https://people.bordeaux.inria.fr/lcourtes/
  employer: Inria
  laboratory: Inria
  sex: male
  city: Bordeaux
  country: France
  domain: comp. science
  
- name: Hans Rocha IJzerman
  email: Hans.Ijzerman@univ-grenoble-alpes.fr
  url: https://www.lippc2s.fr/archives/person/ijzerman-hans/
  employer: Université Grenoble Alpes
  laboratory: Laboratoire Inter-universitaire de Psychologie
  sex: male
  city: Grenoble
  country: France
  domain: psychology
    
- name: Arnaud Legrand
  email: arnaud.legrand@imag.fr
  url: http://polaris.imag.fr/arnaud.legrand/
  employer: CNRS
  laboratory: Laboratoire d'Informatique de Grenoble
  sex: male
  city: Grenoble
  country: France
  domain: comp. science
  
- name: François Ric
  email: francois.ric@u-bordeaux.fr
  url: https://labpsy.u-bordeaux.fr/Membres/Membres-titulaires-et-associes/Ric-Francois
  employer: Université de Bordeaux
  laboratory: Laboratoire de Psychologie
  sex: male
  city: Bordeaux
  country: France
  domain: psychology
    
- name: Nicolas P. Rougier
  url: https://www.labri.fr/perso/nrougier/
  email: nicolas.rougier@inria.fr
  employer: Inria
  laboratory: Institute of Neurodegenerative Diseases
  sex: male
  city: Bordeaux
  country: France
  domain: neuroscience
